﻿{"cameraMode":{"drawMode":0,"name":"Shaded","section":"Shading Mode"},"sceneLighting":true,"audioPlay":false,"sceneViewState":{"showFog":false,"showMaterialUpdate":false,"showSkybox":false,"showFlares":false,"showImageEffects":false,"showParticleSystems":false},"in2DMode":false,"pivot":{"x":-0.062481045722961429,"y":0.03075927495956421,"z":-0.15676087141036988},"rotation":{"x":-0.10541172325611115,"y":0.8236644268035889,"z":-0.16294683516025544,"w":-0.5328357815742493},"size":1.7806625366210938,"orthographic":false}