﻿{"cameraMode":{"drawMode":0,"name":"Shaded","section":"Shading Mode"},"sceneLighting":true,"audioPlay":false,"sceneViewState":{"showFog":false,"showMaterialUpdate":false,"showSkybox":false,"showFlares":false,"showImageEffects":false,"showParticleSystems":false},"in2DMode":false,"pivot":{"x":2.4052581787109377,"y":-0.7629165649414063,"z":8.874610900878907},"rotation":{"x":-0.25154632329940798,"y":0.34917858242988589,"z":-0.09788335859775543,"w":-0.8973404169082642},"size":67.85157012939453,"orthographic":false}